[
  {
    "firstName": "Quincy",
    "lastName": "Acy",
    "playerId": 203112,
    "teamId": 1610612758
  },
  {
    "firstName": "Jordan",
    "lastName": "Adams",
    "playerId": 203919,
    "teamId": 1610612763
  },
  {
    "firstName": "Steven",
    "lastName": "Adams",
    "playerId": 203500,
    "teamId": 1610612760
  },
  {
    "firstName": "Arron",
    "lastName": "Afflalo",
    "playerId": 201167,
    "teamId": 1610612752
  },
  {
    "firstName": "Alexis",
    "lastName": "Ajinca",
    "playerId": 201582,
    "teamId": 1610612740
  },
  {
    "firstName": "Cole",
    "lastName": "Aldrich",
    "playerId": 202332,
    "teamId": 1610612746
  },
  {
    "firstName": "LaMarcus",
    "lastName": "Aldridge",
    "playerId": 200746,
    "teamId": 1610612759
  },
  {
    "firstName": "Cliff",
    "lastName": "Alexander",
    "playerId": 1626146,
    "teamId": 1610612757
  },
  {
    "firstName": "Lavoy",
    "lastName": "Allen",
    "playerId": 202730,
    "teamId": 1610612754
  },
  {
    "firstName": "Tony",
    "lastName": "Allen",
    "playerId": 2754,
    "teamId": 1610612763
  },
  {
    "firstName": "Al-Farouq",
    "lastName": "Aminu",
    "playerId": 202329,
    "teamId": 1610612757
  },
  {
    "firstName": "Lou",
    "lastName": "Amundson",
    "playerId": 200811,
    "teamId": 1610612752
  },
  {
    "firstName": "Chris",
    "lastName": "Andersen",
    "playerId": 2365,
    "teamId": 1610612763
  },
  {
    "firstName": "Alan",
    "lastName": "Anderson",
    "playerId": 101187,
    "teamId": 1610612764
  },
  {
    "firstName": "James",
    "lastName": "Anderson",
    "playerId": 202341,
    "teamId": 1610612758
  },
  {
    "firstName": "Justin",
    "lastName": "Anderson",
    "playerId": 1626147,
    "teamId": 1610612742
  },
  {
    "firstName": "Kyle",
    "lastName": "Anderson",
    "playerId": 203937,
    "teamId": 1610612759
  },
  {
    "firstName": "Ryan",
    "lastName": "Anderson",
    "playerId": 201583,
    "teamId": 1610612740
  },
  {
    "firstName": "Giannis",
    "lastName": "Antetokounmpo",
    "playerId": 203507,
    "teamId": 1610612749
  },
  {
    "firstName": "Thanasis",
    "lastName": "Antetokounmpo",
    "playerId": 203648,
    "teamId": 1610612752
  },
  {
    "firstName": "Carmelo",
    "lastName": "Anthony",
    "playerId": 2546,
    "teamId": 1610612752
  },
  {
    "firstName": "Joel",
    "lastName": "Anthony",
    "playerId": 201202,
    "teamId": 1610612765
  },
  {
    "firstName": "Keith",
    "lastName": "Appling",
    "playerId": 203951,
    "teamId": 0
  },
  {
    "firstName": "Trevor",
    "lastName": "Ariza",
    "playerId": 2772,
    "teamId": 1610612745
  },
  {
    "firstName": "Darrell",
    "lastName": "Arthur",
    "playerId": 201589,
    "teamId": 1610612743
  },
  {
    "firstName": "Omer",
    "lastName": "Asik",
    "playerId": 201600,
    "teamId": 1610612740
  },
  {
    "firstName": "D.J.",
    "lastName": "Augustin",
    "playerId": 201571,
    "teamId": 1610612743
  },
  {
    "firstName": "Jeff",
    "lastName": "Ayres",
    "playerId": 201965,
    "teamId": 0
  },
  {
    "firstName": "Luke",
    "lastName": "Babbitt",
    "playerId": 202337,
    "teamId": 1610612740
  },
  {
    "firstName": "Cameron",
    "lastName": "Bairstow",
    "playerId": 203946,
    "teamId": 1610612741
  },
  {
    "firstName": "Leandro",
    "lastName": "Barbosa",
    "playerId": 2571,
    "teamId": 1610612744
  },
  {
    "firstName": "Jose Juan",
    "lastName": "Barea",
    "playerId": 200826,
    "teamId": 1610612742
  },
  {
    "firstName": "Andrea",
    "lastName": "Bargnani",
    "playerId": 200745,
    "teamId": 0
  },
  {
    "firstName": "Harrison",
    "lastName": "Barnes",
    "playerId": 203084,
    "teamId": 1610612744
  },
  {
    "firstName": "Matt",
    "lastName": "Barnes",
    "playerId": 2440,
    "teamId": 1610612763
  },
  {
    "firstName": "Will",
    "lastName": "Barton",
    "playerId": 203115,
    "teamId": 1610612743
  },
  {
    "firstName": "Brandon",
    "lastName": "Bass",
    "playerId": 101138,
    "teamId": 1610612747
  },
  {
    "firstName": "Nicolas",
    "lastName": "Batum",
    "playerId": 201587,
    "teamId": 1610612766
  },
  {
    "firstName": "Jerryd",
    "lastName": "Bayless",
    "playerId": 201573,
    "teamId": 1610612749
  },
  {
    "firstName": "Aron",
    "lastName": "Baynes",
    "playerId": 203382,
    "teamId": 1610612765
  },
  {
    "firstName": "Kent",
    "lastName": "Bazemore",
    "playerId": 203145,
    "teamId": 1610612737
  },
  {
    "firstName": "Bradley",
    "lastName": "Beal",
    "playerId": 203078,
    "teamId": 1610612764
  },
  {
    "firstName": "Marco",
    "lastName": "Belinelli",
    "playerId": 201158,
    "teamId": 1610612758
  },
  {
    "firstName": "Anthony",
    "lastName": "Bennett",
    "playerId": 203461,
    "teamId": 1610612761
  },
  {
    "firstName": "Patrick",
    "lastName": "Beverley",
    "playerId": 201976,
    "teamId": 1610612745
  },
  {
    "firstName": "Bismack",
    "lastName": "Biyombo",
    "playerId": 202687,
    "teamId": 1610612761
  },
  {
    "firstName": "Nemanja",
    "lastName": "Bjelica",
    "playerId": 202357,
    "teamId": 1610612750
  },
  {
    "firstName": "Tarik",
    "lastName": "Black",
    "playerId": 204028,
    "teamId": 1610612747
  },
  {
    "firstName": "DeJuan",
    "lastName": "Blair",
    "playerId": 201971,
    "teamId": 0
  },
  {
    "firstName": "Steve",
    "lastName": "Blake",
    "playerId": 2581,
    "teamId": 1610612765
  },
  {
    "firstName": "Eric",
    "lastName": "Bledsoe",
    "playerId": 202339,
    "teamId": 1610612756
  },
  {
    "firstName": "Bojan",
    "lastName": "Bogdanovic",
    "playerId": 202711,
    "teamId": 1610612751
  },
  {
    "firstName": "Andrew",
    "lastName": "Bogut",
    "playerId": 101106,
    "teamId": 1610612744
  },
  {
    "firstName": "Matt",
    "lastName": "Bonner",
    "playerId": 2588,
    "teamId": 1610612759
  },
  {
    "firstName": "Devin",
    "lastName": "Booker",
    "playerId": 1626164,
    "teamId": 1610612756
  },
  {
    "firstName": "Trevor",
    "lastName": "Booker",
    "playerId": 202344,
    "teamId": 1610612762
  },
  {
    "firstName": "Chris",
    "lastName": "Bosh",
    "playerId": 2547,
    "teamId": 1610612748
  },
  {
    "firstName": "Avery",
    "lastName": "Bradley",
    "playerId": 202340,
    "teamId": 1610612738
  },
  {
    "firstName": "Elton",
    "lastName": "Brand",
    "playerId": 1882,
    "teamId": 1610612755
  },
  {
    "firstName": "Corey",
    "lastName": "Brewer",
    "playerId": 201147,
    "teamId": 1610612745
  },
  {
    "firstName": "Aaron",
    "lastName": "Brooks",
    "playerId": 201166,
    "teamId": 1610612741
  },
  {
    "firstName": "Anthony",
    "lastName": "Brown",
    "playerId": 1626148,
    "teamId": 1610612747
  },
  {
    "firstName": "Lorenzo",
    "lastName": "Brown",
    "playerId": 203485,
    "teamId": 0
  },
  {
    "firstName": "Markel",
    "lastName": "Brown",
    "playerId": 203900,
    "teamId": 1610612751
  },
  {
    "firstName": "Kobe",
    "lastName": "Bryant",
    "playerId": 977,
    "teamId": 1610612747
  },
  {
    "firstName": "Chase",
    "lastName": "Budinger",
    "playerId": 201978,
    "teamId": 1610612754
  },
  {
    "firstName": "Reggie",
    "lastName": "Bullock",
    "playerId": 203493,
    "teamId": 1610612765
  },
  {
    "firstName": "Trey",
    "lastName": "Burke",
    "playerId": 203504,
    "teamId": 1610612762
  },
  {
    "firstName": "Alec",
    "lastName": "Burks",
    "playerId": 202692,
    "teamId": 1610612762
  },
  {
    "firstName": "Caron",
    "lastName": "Butler",
    "playerId": 2406,
    "teamId": 1610612758
  },
  {
    "firstName": "Jimmy",
    "lastName": "Butler",
    "playerId": 202710,
    "teamId": 1610612741
  },
  {
    "firstName": "Rasual",
    "lastName": "Butler",
    "playerId": 2446,
    "teamId": 1610612759
  },
  {
    "firstName": "Bruno",
    "lastName": "Caboclo",
    "playerId": 203998,
    "teamId": 1610612761
  },
  {
    "firstName": "Jose",
    "lastName": "Calderon",
    "playerId": 101181,
    "teamId": 1610612752
  },
  {
    "firstName": "Kentavious",
    "lastName": "Caldwell-Pope",
    "playerId": 203484,
    "teamId": 1610612765
  },
  {
    "firstName": "Isaiah",
    "lastName": "Canaan",
    "playerId": 203477,
    "teamId": 1610612755
  },
  {
    "firstName": "Clint",
    "lastName": "Capela",
    "playerId": 203991,
    "teamId": 1610612745
  },
  {
    "firstName": "DeMarre",
    "lastName": "Carroll",
    "playerId": 201960,
    "teamId": 1610612761
  },
  {
    "firstName": "Vince",
    "lastName": "Carter",
    "playerId": 1713,
    "teamId": 1610612763
  },
  {
    "firstName": "Michael",
    "lastName": "Carter-Williams",
    "playerId": 203487,
    "teamId": 1610612749
  },
  {
    "firstName": "Omri",
    "lastName": "Casspi",
    "playerId": 201956,
    "teamId": 1610612758
  },
  {
    "firstName": "Willie",
    "lastName": "Cauley-Stein",
    "playerId": 1626161,
    "teamId": 1610612758
  },
  {
    "firstName": "Mario",
    "lastName": "Chalmers",
    "playerId": 201596,
    "teamId": 1610612763
  },
  {
    "firstName": "Tyson",
    "lastName": "Chandler",
    "playerId": 2199,
    "teamId": 1610612756
  },
  {
    "firstName": "Wilson",
    "lastName": "Chandler",
    "playerId": 201163,
    "teamId": 1610612743
  },
  {
    "firstName": "Rakeem",
    "lastName": "Christmas",
    "playerId": 1626176,
    "teamId": 1610612754
  },
  {
    "firstName": "Ian",
    "lastName": "Clark",
    "playerId": 203546,
    "teamId": 1610612744
  },
  {
    "firstName": "Jordan",
    "lastName": "Clarkson",
    "playerId": 203903,
    "teamId": 1610612747
  },
  {
    "firstName": "Norris",
    "lastName": "Cole",
    "playerId": 202708,
    "teamId": 1610612740
  },
  {
    "firstName": "Darren",
    "lastName": "Collison",
    "playerId": 201954,
    "teamId": 1610612758
  },
  {
    "firstName": "Nick",
    "lastName": "Collison",
    "playerId": 2555,
    "teamId": 1610612760
  },
  {
    "firstName": "Mike",
    "lastName": "Conley",
    "playerId": 201144,
    "teamId": 1610612763
  },
  {
    "firstName": "Pat",
    "lastName": "Connaughton",
    "playerId": 1626192,
    "teamId": 1610612757
  },
  {
    "firstName": "Chris",
    "lastName": "Copeland",
    "playerId": 203142,
    "teamId": 0
  },
  {
    "firstName": "Bryce",
    "lastName": "Cotton",
    "playerId": 203955,
    "teamId": 0
  },
  {
    "firstName": "DeMarcus",
    "lastName": "Cousins",
    "playerId": 202326,
    "teamId": 1610612758
  },
  {
    "firstName": "Robert",
    "lastName": "Covington",
    "playerId": 203496,
    "teamId": 1610612755
  },
  {
    "firstName": "Allen",
    "lastName": "Crabbe",
    "playerId": 203459,
    "teamId": 1610612757
  },
  {
    "firstName": "Jamal",
    "lastName": "Crawford",
    "playerId": 2037,
    "teamId": 1610612746
  },
  {
    "firstName": "Jae",
    "lastName": "Crowder",
    "playerId": 203109,
    "teamId": 1610612738
  },
  {
    "firstName": "Dante",
    "lastName": "Cunningham",
    "playerId": 201967,
    "teamId": 1610612740
  },
  {
    "firstName": "Jared",
    "lastName": "Cunningham",
    "playerId": 203099,
    "teamId": 1610612753
  },
  {
    "firstName": "Seth",
    "lastName": "Curry",
    "playerId": 203552,
    "teamId": 1610612758
  },
  {
    "firstName": "Stephen",
    "lastName": "Curry",
    "playerId": 201939,
    "teamId": 1610612744
  },
  {
    "firstName": "Troy",
    "lastName": "Daniels",
    "playerId": 203584,
    "teamId": 1610612766
  },
  {
    "firstName": "Anthony",
    "lastName": "Davis",
    "playerId": 203076,
    "teamId": 1610612740
  },
  {
    "firstName": "Ed",
    "lastName": "Davis",
    "playerId": 202334,
    "teamId": 1610612757
  },
  {
    "firstName": "Branden",
    "lastName": "Dawson",
    "playerId": 1626183,
    "teamId": 1610612746
  },
  {
    "firstName": "DeMar",
    "lastName": "DeRozan",
    "playerId": 201942,
    "teamId": 1610612761
  },
  {
    "firstName": "Dewayne",
    "lastName": "Dedmon",
    "playerId": 203473,
    "teamId": 1610612753
  },
  {
    "firstName": "Bryce",
    "lastName": "Dejean-Jones",
    "playerId": 1626214,
    "teamId": 1610612740
  },
  {
    "firstName": "Sam",
    "lastName": "Dekker",
    "playerId": 1626155,
    "teamId": 1610612745
  },
  {
    "firstName": "Matthew",
    "lastName": "Dellavedova",
    "playerId": 203521,
    "teamId": 1610612739
  },
  {
    "firstName": "Luol",
    "lastName": "Deng",
    "playerId": 2736,
    "teamId": 1610612748
  },
  {
    "firstName": "Boris",
    "lastName": "Diaw",
    "playerId": 2564,
    "teamId": 1610612759
  },
  {
    "firstName": "Gorgui",
    "lastName": "Dieng",
    "playerId": 203476,
    "teamId": 1610612750
  },
  {
    "firstName": "Spencer",
    "lastName": "Dinwiddie",
    "playerId": 203915,
    "teamId": 1610612765
  },
  {
    "firstName": "Toney",
    "lastName": "Douglas",
    "playerId": 201962,
    "teamId": 1610612740
  },
  {
    "firstName": "Goran",
    "lastName": "Dragic",
    "playerId": 201609,
    "teamId": 1610612748
  },
  {
    "firstName": "Andre",
    "lastName": "Drummond",
    "playerId": 203083,
    "teamId": 1610612765
  },
  {
    "firstName": "Jared",
    "lastName": "Dudley",
    "playerId": 201162,
    "teamId": 1610612764
  },
  {
    "firstName": "Duje",
    "lastName": "Dukan",
    "playerId": 1626251,
    "teamId": 1610612758
  },
  {
    "firstName": "Tim",
    "lastName": "Duncan",
    "playerId": 1495,
    "teamId": 1610612759
  },
  {
    "firstName": "Mike",
    "lastName": "Dunleavy",
    "playerId": 2399,
    "teamId": 1610612741
  },
  {
    "firstName": "Kevin",
    "lastName": "Durant",
    "playerId": 201142,
    "teamId": 1610612760
  },
  {
    "firstName": "Cleanthony",
    "lastName": "Early",
    "playerId": 203921,
    "teamId": 1610612752
  },
  {
    "firstName": "Jarell",
    "lastName": "Eddie",
    "playerId": 204067,
    "teamId": 1610612764
  },
  {
    "firstName": "Wayne",
    "lastName": "Ellington",
    "playerId": 201961,
    "teamId": 1610612751
  },
  {
    "firstName": "Monta",
    "lastName": "Ellis",
    "playerId": 101145,
    "teamId": 1610612754
  },
  {
    "firstName": "Joel",
    "lastName": "Embiid",
    "playerId": 203954,
    "teamId": 1610612755
  },
  {
    "firstName": "James",
    "lastName": "Ennis",
    "playerId": 203516,
    "teamId": 1610612763
  },
  {
    "firstName": "Tyler",
    "lastName": "Ennis",
    "playerId": 203898,
    "teamId": 1610612749
  },
  {
    "firstName": "Jeremy",
    "lastName": "Evans",
    "playerId": 202379,
    "teamId": 1610612742
  },
  {
    "firstName": "Tyreke",
    "lastName": "Evans",
    "playerId": 201936,
    "teamId": 1610612740
  },
  {
    "firstName": "Dante",
    "lastName": "Exum",
    "playerId": 203957,
    "teamId": 1610612762
  },
  {
    "firstName": "Festus",
    "lastName": "Ezeli",
    "playerId": 203105,
    "teamId": 1610612744
  },
  {
    "firstName": "Kenneth",
    "lastName": "Faried",
    "playerId": 202702,
    "teamId": 1610612743
  },
  {
    "firstName": "Derrick",
    "lastName": "Favors",
    "playerId": 202324,
    "teamId": 1610612762
  },
  {
    "firstName": "Cristiano",
    "lastName": "Felicio",
    "playerId": 1626245,
    "teamId": 1610612741
  },
  {
    "firstName": "Raymond",
    "lastName": "Felton",
    "playerId": 101109,
    "teamId": 1610612742
  },
  {
    "firstName": "Evan",
    "lastName": "Fournier",
    "playerId": 203095,
    "teamId": 1610612753
  },
  {
    "firstName": "Randy",
    "lastName": "Foye",
    "playerId": 200751,
    "teamId": 1610612760
  },
  {
    "firstName": "Tim",
    "lastName": "Frazier",
    "playerId": 204025,
    "teamId": 0
  },
  {
    "firstName": "Jimmer",
    "lastName": "Fredette",
    "playerId": 202690,
    "teamId": 1610612752
  },
  {
    "firstName": "Channing",
    "lastName": "Frye",
    "playerId": 101112,
    "teamId": 1610612739
  },
  {
    "firstName": "Danilo",
    "lastName": "Gallinari",
    "playerId": 201568,
    "teamId": 1610612743
  },
  {
    "firstName": "Langston",
    "lastName": "Galloway",
    "playerId": 204038,
    "teamId": 1610612752
  },
  {
    "firstName": "Kevin",
    "lastName": "Garnett",
    "playerId": 708,
    "teamId": 1610612750
  },
  {
    "firstName": "Marc",
    "lastName": "Gasol",
    "playerId": 201188,
    "teamId": 1610612763
  },
  {
    "firstName": "Pau",
    "lastName": "Gasol",
    "playerId": 2200,
    "teamId": 1610612741
  },
  {
    "firstName": "Rudy",
    "lastName": "Gay",
    "playerId": 200752,
    "teamId": 1610612758
  },
  {
    "firstName": "Alonzo",
    "lastName": "Gee",
    "playerId": 202087,
    "teamId": 1610612740
  },
  {
    "firstName": "Paul",
    "lastName": "George",
    "playerId": 202331,
    "teamId": 1610612754
  },
  {
    "firstName": "Taj",
    "lastName": "Gibson",
    "playerId": 201959,
    "teamId": 1610612741
  },
  {
    "firstName": "Manu",
    "lastName": "Ginobili",
    "playerId": 1938,
    "teamId": 1610612759
  },
  {
    "firstName": "Rudy",
    "lastName": "Gobert",
    "playerId": 203497,
    "teamId": 1610612762
  },
  {
    "firstName": "Drew",
    "lastName": "Gooden",
    "playerId": 2400,
    "teamId": 1610612764
  },
  {
    "firstName": "Archie",
    "lastName": "Goodwin",
    "playerId": 203462,
    "teamId": 1610612756
  },
  {
    "firstName": "Aaron",
    "lastName": "Gordon",
    "playerId": 203932,
    "teamId": 1610612753
  },
  {
    "firstName": "Eric",
    "lastName": "Gordon",
    "playerId": 201569,
    "teamId": 1610612740
  },
  {
    "firstName": "Marcin",
    "lastName": "Gortat",
    "playerId": 101162,
    "teamId": 1610612764
  },
  {
    "firstName": "Jerami",
    "lastName": "Grant",
    "playerId": 203924,
    "teamId": 1610612755
  },
  {
    "firstName": "Jerian",
    "lastName": "Grant",
    "playerId": 1626170,
    "teamId": 1610612752
  },
  {
    "firstName": "Danny",
    "lastName": "Green",
    "playerId": 201980,
    "teamId": 1610612759
  },
  {
    "firstName": "Draymond",
    "lastName": "Green",
    "playerId": 203110,
    "teamId": 1610612744
  },
  {
    "firstName": "Erick",
    "lastName": "Green",
    "playerId": 203475,
    "teamId": 1610612762
  },
  {
    "firstName": "Gerald",
    "lastName": "Green",
    "playerId": 101123,
    "teamId": 1610612748
  },
  {
    "firstName": "JaMychal",
    "lastName": "Green",
    "playerId": 203210,
    "teamId": 1610612763
  },
  {
    "firstName": "Jeff",
    "lastName": "Green",
    "playerId": 201145,
    "teamId": 1610612746
  },
  {
    "firstName": "Blake",
    "lastName": "Griffin",
    "playerId": 201933,
    "teamId": 1610612746
  },
  {
    "firstName": "Jorge",
    "lastName": "Gutierrez",
    "playerId": 203268,
    "teamId": 1610612766
  },
  {
    "firstName": "PJ",
    "lastName": "Hairston",
    "playerId": 203798,
    "teamId": 1610612763
  },
  {
    "firstName": "Tyler",
    "lastName": "Hansbrough",
    "playerId": 201946,
    "teamId": 1610612766
  },
  {
    "firstName": "Tim",
    "lastName": "Hardaway Jr.",
    "playerId": 203501,
    "teamId": 1610612737
  },
  {
    "firstName": "James",
    "lastName": "Harden",
    "playerId": 201935,
    "teamId": 1610612745
  },
  {
    "firstName": "Maurice",
    "lastName": "Harkless",
    "playerId": 203090,
    "teamId": 1610612757
  },
  {
    "firstName": "Justin",
    "lastName": "Harper",
    "playerId": 202712,
    "teamId": 0
  },
  {
    "firstName": "Montrezl",
    "lastName": "Harrell",
    "playerId": 1626149,
    "teamId": 1610612745
  },
  {
    "firstName": "Devin",
    "lastName": "Harris",
    "playerId": 2734,
    "teamId": 1610612742
  },
  {
    "firstName": "Gary",
    "lastName": "Harris",
    "playerId": 203914,
    "teamId": 1610612743
  },
  {
    "firstName": "Joe",
    "lastName": "Harris",
    "playerId": 203925,
    "teamId": 0
  },
  {
    "firstName": "Tobias",
    "lastName": "Harris",
    "playerId": 202699,
    "teamId": 1610612765
  },
  {
    "firstName": "Aaron",
    "lastName": "Harrison",
    "playerId": 1626151,
    "teamId": 1610612766
  },
  {
    "firstName": "Udonis",
    "lastName": "Haslem",
    "playerId": 2617,
    "teamId": 1610612748
  },
  {
    "firstName": "Spencer",
    "lastName": "Hawes",
    "playerId": 201150,
    "teamId": 1610612766
  },
  {
    "firstName": "Charles",
    "lastName": "Hayes",
    "playerId": 101236,
    "teamId": 0
  },
  {
    "firstName": "Gordon",
    "lastName": "Hayward",
    "playerId": 202330,
    "teamId": 1610612762
  },
  {
    "firstName": "Gerald",
    "lastName": "Henderson",
    "playerId": 201945,
    "teamId": 1610612757
  },
  {
    "firstName": "John",
    "lastName": "Henson",
    "playerId": 203089,
    "teamId": 1610612749
  },
  {
    "firstName": "Mario",
    "lastName": "Hezonja",
    "playerId": 1626209,
    "teamId": 1610612753
  },
  {
    "firstName": "Roy",
    "lastName": "Hibbert",
    "playerId": 201579,
    "teamId": 1610612747
  },
  {
    "firstName": "JJ",
    "lastName": "Hickson",
    "playerId": 201581,
    "teamId": 0
  },
  {
    "lastName": "Nene",
    "playerId": 2403,
    "teamId": 1610612764
  },
  {
    "firstName": "George",
    "lastName": "Hill",
    "playerId": 201588,
    "teamId": 1610612754
  },
  {
    "firstName": "Jordan",
    "lastName": "Hill",
    "playerId": 201941,
    "teamId": 1610612754
  },
  {
    "firstName": "Solomon",
    "lastName": "Hill",
    "playerId": 203524,
    "teamId": 1610612754
  },
  {
    "firstName": "Darrun",
    "lastName": "Hilliard",
    "playerId": 1626199,
    "teamId": 1610612765
  },
  {
    "firstName": "Kirk",
    "lastName": "Hinrich",
    "playerId": 2550,
    "teamId": 1610612737
  },
  {
    "firstName": "Jrue",
    "lastName": "Holiday",
    "playerId": 201950,
    "teamId": 1610612740
  },
  {
    "firstName": "Justin",
    "lastName": "Holiday",
    "playerId": 203200,
    "teamId": 1610612741
  },
  {
    "firstName": "Ryan",
    "lastName": "Hollins",
    "playerId": 200797,
    "teamId": 0
  },
  {
    "firstName": "Rondae",
    "lastName": "Hollis-Jefferson",
    "playerId": 1626178,
    "teamId": 1610612751
  },
  {
    "firstName": "Richaun",
    "lastName": "Holmes",
    "playerId": 1626158,
    "teamId": 1610612755
  },
  {
    "firstName": "Rodney",
    "lastName": "Hood",
    "playerId": 203918,
    "teamId": 1610612762
  },
  {
    "firstName": "Al",
    "lastName": "Horford",
    "playerId": 201143,
    "teamId": 1610612737
  },
  {
    "firstName": "Dwight",
    "lastName": "Howard",
    "playerId": 2730,
    "teamId": 1610612745
  },
  {
    "firstName": "Marcelo",
    "lastName": "Huertas",
    "playerId": 1626273,
    "teamId": 1610612747
  },
  {
    "firstName": "Josh",
    "lastName": "Huestis",
    "playerId": 203962,
    "teamId": 1610612760
  },
  {
    "firstName": "Kris",
    "lastName": "Humphries",
    "playerId": 2743,
    "teamId": 1610612756
  },
  {
    "firstName": "RJ",
    "lastName": "Hunter",
    "playerId": 1626154,
    "teamId": 1610612738
  },
  {
    "firstName": "Serge",
    "lastName": "Ibaka",
    "playerId": 201586,
    "teamId": 1610612760
  },
  {
    "firstName": "Andre",
    "lastName": "Iguodala",
    "playerId": 2738,
    "teamId": 1610612744
  },
  {
    "firstName": "Ersan",
    "lastName": "Ilyasova",
    "playerId": 101141,
    "teamId": 1610612753
  },
  {
    "firstName": "Joe",
    "lastName": "Ingles",
    "playerId": 204060,
    "teamId": 1610612762
  },
  {
    "firstName": "Damien",
    "lastName": "Inglis",
    "playerId": 203996,
    "teamId": 1610612749
  },
  {
    "firstName": "Kyrie",
    "lastName": "Irving",
    "playerId": 202681,
    "teamId": 1610612739
  },
  {
    "firstName": "Jarrett",
    "lastName": "Jack",
    "playerId": 101127,
    "teamId": 1610612751
  },
  {
    "firstName": "Reggie",
    "lastName": "Jackson",
    "playerId": 202704,
    "teamId": 1610612765
  },
  {
    "firstName": "LeBron",
    "lastName": "James",
    "playerId": 2544,
    "teamId": 1610612739
  },
  {
    "firstName": "Al",
    "lastName": "Jefferson",
    "playerId": 2744,
    "teamId": 1610612766
  },
  {
    "firstName": "Cory",
    "lastName": "Jefferson",
    "playerId": 203928,
    "teamId": 0
  },
  {
    "firstName": "Richard",
    "lastName": "Jefferson",
    "playerId": 2210,
    "teamId": 1610612739
  },
  {
    "firstName": "John",
    "lastName": "Jenkins",
    "playerId": 203098,
    "teamId": 1610612742
  },
  {
    "firstName": "Brandon",
    "lastName": "Jennings",
    "playerId": 201943,
    "teamId": 1610612753
  },
  {
    "firstName": "Jonas",
    "lastName": "Jerebko",
    "playerId": 201973,
    "teamId": 1610612738
  },
  {
    "firstName": "Amir",
    "lastName": "Johnson",
    "playerId": 101161,
    "teamId": 1610612738
  },
  {
    "firstName": "Chris",
    "lastName": "Johnson",
    "playerId": 203187,
    "teamId": 1610612762
  },
  {
    "firstName": "James",
    "lastName": "Johnson",
    "playerId": 201949,
    "teamId": 1610612761
  },
  {
    "firstName": "Joe",
    "lastName": "Johnson",
    "playerId": 2207,
    "teamId": 1610612751
  },
  {
    "firstName": "Orlando",
    "lastName": "Johnson",
    "playerId": 203111,
    "teamId": 0
  },
  {
    "firstName": "Stanley",
    "lastName": "Johnson",
    "playerId": 1626169,
    "teamId": 1610612765
  },
  {
    "firstName": "Tyler",
    "lastName": "Johnson",
    "playerId": 204020,
    "teamId": 1610612748
  },
  {
    "firstName": "Wesley",
    "lastName": "Johnson",
    "playerId": 202325,
    "teamId": 1610612746
  },
  {
    "firstName": "Nikola",
    "lastName": "Jokic",
    "playerId": 203999,
    "teamId": 1610612743
  },
  {
    "firstName": "James",
    "lastName": "Jones",
    "playerId": 2592,
    "teamId": 1610612739
  },
  {
    "firstName": "Terrence",
    "lastName": "Jones",
    "playerId": 203093,
    "teamId": 1610612745
  },
  {
    "firstName": "Tyus",
    "lastName": "Jones",
    "playerId": 1626145,
    "teamId": 1610612750
  },
  {
    "firstName": "DeAndre",
    "lastName": "Jordan",
    "playerId": 201599,
    "teamId": 1610612746
  },
  {
    "firstName": "Cory",
    "lastName": "Joseph",
    "playerId": 202709,
    "teamId": 1610612761
  },
  {
    "firstName": "Chris",
    "lastName": "Kaman",
    "playerId": 2549,
    "teamId": 1610612757
  },
  {
    "firstName": "Frank",
    "lastName": "Kaminsky",
    "playerId": 1626163,
    "teamId": 1610612766
  },
  {
    "firstName": "Enes",
    "lastName": "Kanter",
    "playerId": 202683,
    "teamId": 1610612760
  },
  {
    "firstName": "Sergey",
    "lastName": "Karasev",
    "playerId": 203508,
    "teamId": 1610612751
  },
  {
    "firstName": "Sasha",
    "lastName": "Kaun",
    "playerId": 201619,
    "teamId": 1610612739
  },
  {
    "firstName": "Ryan",
    "lastName": "Kelly",
    "playerId": 203527,
    "teamId": 1610612747
  },
  {
    "firstName": "Michael",
    "lastName": "Kidd-Gilchrist",
    "playerId": 203077,
    "teamId": 1610612766
  },
  {
    "firstName": "Sean",
    "lastName": "Kilpatrick",
    "playerId": 203930,
    "teamId": 0
  },
  {
    "firstName": "Brandon",
    "lastName": "Knight",
    "playerId": 202688,
    "teamId": 1610612756
  },
  {
    "firstName": "Kyle",
    "lastName": "Korver",
    "playerId": 2594,
    "teamId": 1610612737
  },
  {
    "firstName": "Kosta",
    "lastName": "Koufos",
    "playerId": 201585,
    "teamId": 1610612758
  },
  {
    "firstName": "Zach",
    "lastName": "LaVine",
    "playerId": 203897,
    "teamId": 1610612750
  },
  {
    "firstName": "Jeremy",
    "lastName": "Lamb",
    "playerId": 203087,
    "teamId": 1610612766
  },
  {
    "firstName": "Carl",
    "lastName": "Landry",
    "playerId": 201171,
    "teamId": 1610612755
  },
  {
    "firstName": "Shane",
    "lastName": "Larkin",
    "playerId": 203499,
    "teamId": 1610612751
  },
  {
    "firstName": "Joffrey",
    "lastName": "Lauvergne",
    "playerId": 203530,
    "teamId": 1610612743
  },
  {
    "firstName": "Ty",
    "lastName": "Lawson",
    "playerId": 201951,
    "teamId": 1610612745
  },
  {
    "firstName": "Courtney",
    "lastName": "Lee",
    "playerId": 201584,
    "teamId": 1610612766
  },
  {
    "firstName": "David",
    "lastName": "Lee",
    "playerId": 101135,
    "teamId": 1610612742
  },
  {
    "firstName": "Alex",
    "lastName": "Len",
    "playerId": 203458,
    "teamId": 1610612756
  },
  {
    "firstName": "Kawhi",
    "lastName": "Leonard",
    "playerId": 202695,
    "teamId": 1610612759
  },
  {
    "firstName": "Meyers",
    "lastName": "Leonard",
    "playerId": 203086,
    "teamId": 1610612757
  },
  {
    "firstName": "Jon",
    "lastName": "Leuer",
    "playerId": 202720,
    "teamId": 1610612756
  },
  {
    "firstName": "Damian",
    "lastName": "Lillard",
    "playerId": 203081,
    "teamId": 1610612757
  },
  {
    "firstName": "Jeremy",
    "lastName": "Lin",
    "playerId": 202391,
    "teamId": 1610612766
  },
  {
    "firstName": "Shaun",
    "lastName": "Livingston",
    "playerId": 2733,
    "teamId": 1610612744
  },
  {
    "firstName": "Kevon",
    "lastName": "Looney",
    "playerId": 1626172,
    "teamId": 1610612744
  },
  {
    "firstName": "Brook",
    "lastName": "Lopez",
    "playerId": 201572,
    "teamId": 1610612751
  },
  {
    "firstName": "Robin",
    "lastName": "Lopez",
    "playerId": 201577,
    "teamId": 1610612752
  },
  {
    "firstName": "Kevin",
    "lastName": "Love",
    "playerId": 201567,
    "teamId": 1610612739
  },
  {
    "firstName": "Kyle",
    "lastName": "Lowry",
    "playerId": 200768,
    "teamId": 1610612761
  },
  {
    "firstName": "Trey",
    "lastName": "Lyles",
    "playerId": 1626168,
    "teamId": 1610612762
  },
  {
    "firstName": "Shelvin",
    "lastName": "Mack",
    "playerId": 202714,
    "teamId": 1610612762
  },
  {
    "firstName": "Ian",
    "lastName": "Mahinmi",
    "playerId": 101133,
    "teamId": 1610612754
  },
  {
    "firstName": "Devyn",
    "lastName": "Marble",
    "playerId": 203906,
    "teamId": 1610612753
  },
  {
    "firstName": "Boban",
    "lastName": "Marjanovic",
    "playerId": 1626246,
    "teamId": 1610612759
  },
  {
    "firstName": "Kendall",
    "lastName": "Marshall",
    "playerId": 203088,
    "teamId": 1610612755
  },
  {
    "firstName": "Jarell",
    "lastName": "Martin",
    "playerId": 1626185,
    "teamId": 1610612763
  },
  {
    "firstName": "Kevin",
    "lastName": "Martin",
    "playerId": 2755,
    "teamId": 1610612750
  },
  {
    "firstName": "Wesley",
    "lastName": "Matthews",
    "playerId": 202083,
    "teamId": 1610612742
  },
  {
    "firstName": "O.J.",
    "lastName": "Mayo",
    "playerId": 201564,
    "teamId": 1610612749
  },
  {
    "firstName": "Luc",
    "lastName": "Mbah a Moute",
    "playerId": 201601,
    "teamId": 1610612746
  },
  {
    "firstName": "James Michael",
    "lastName": "McAdoo",
    "playerId": 203949,
    "teamId": 1610612744
  },
  {
    "firstName": "Ray",
    "lastName": "McCallum",
    "playerId": 203492,
    "teamId": 1610612759
  },
  {
    "firstName": "CJ",
    "lastName": "McCollum",
    "playerId": 203468,
    "teamId": 1610612757
  },
  {
    "firstName": "TJ",
    "lastName": "McConnell",
    "playerId": 204456,
    "teamId": 1610612755
  },
  {
    "firstName": "Chris",
    "lastName": "McCullough",
    "playerId": 1626191,
    "teamId": 1610612751
  },
  {
    "firstName": "KJ",
    "lastName": "McDaniels",
    "playerId": 203909,
    "teamId": 1610612745
  },
  {
    "firstName": "Doug",
    "lastName": "McDermott",
    "playerId": 203926,
    "teamId": 1610612741
  },
  {
    "firstName": "Mitch",
    "lastName": "McGary",
    "playerId": 203956,
    "teamId": 1610612760
  },
  {
    "firstName": "JaVale",
    "lastName": "McGee",
    "playerId": 201580,
    "teamId": 1610612742
  },
  {
    "firstName": "Ben",
    "lastName": "McLemore",
    "playerId": 203463,
    "teamId": 1610612758
  },
  {
    "firstName": "Jordan",
    "lastName": "McRae",
    "playerId": 203895,
    "teamId": 1610612756
  },
  {
    "firstName": "Josh",
    "lastName": "McRoberts",
    "playerId": 201177,
    "teamId": 1610612748
  },
  {
    "firstName": "Jodie",
    "lastName": "Meeks",
    "playerId": 201975,
    "teamId": 1610612765
  },
  {
    "firstName": "Salah",
    "lastName": "Mejri",
    "playerId": 1626257,
    "teamId": 1610612742
  },
  {
    "firstName": "Jordan",
    "lastName": "Mickey",
    "playerId": 1626175,
    "teamId": 1610612738
  },
  {
    "firstName": "Khris",
    "lastName": "Middleton",
    "playerId": 203114,
    "teamId": 1610612749
  },
  {
    "firstName": "CJ",
    "lastName": "Miles",
    "playerId": 101139,
    "teamId": 1610612754
  },
  {
    "firstName": "Andre",
    "lastName": "Miller",
    "playerId": 1889,
    "teamId": 1610612750
  },
  {
    "firstName": "Mike",
    "lastName": "Miller",
    "playerId": 2034,
    "teamId": 1610612743
  },
  {
    "firstName": "Patty",
    "lastName": "Mills",
    "playerId": 201988,
    "teamId": 1610612759
  },
  {
    "firstName": "Elijah",
    "lastName": "Millsap",
    "playerId": 202407,
    "teamId": 0
  },
  {
    "firstName": "Paul",
    "lastName": "Millsap",
    "playerId": 200794,
    "teamId": 1610612737
  },
  {
    "firstName": "Nikola",
    "lastName": "Mirotic",
    "playerId": 202703,
    "teamId": 1610612741
  },
  {
    "firstName": "Greg",
    "lastName": "Monroe",
    "playerId": 202328,
    "teamId": 1610612749
  },
  {
    "firstName": "Luis",
    "lastName": "Montero",
    "playerId": 1626242,
    "teamId": 1610612757
  },
  {
    "firstName": "E'Twaun",
    "lastName": "Moore",
    "playerId": 202734,
    "teamId": 1610612741
  },
  {
    "firstName": "Eric",
    "lastName": "Moreland",
    "playerId": 203961,
    "teamId": 1610612758
  },
  {
    "firstName": "Marcus",
    "lastName": "Morris",
    "playerId": 202694,
    "teamId": 1610612765
  },
  {
    "firstName": "Markieff",
    "lastName": "Morris",
    "playerId": 202693,
    "teamId": 1610612764
  },
  {
    "firstName": "Anthony",
    "lastName": "Morrow",
    "playerId": 201627,
    "teamId": 1610612760
  },
  {
    "firstName": "Donatas",
    "lastName": "Motiejunas",
    "playerId": 202700,
    "teamId": 1610612745
  },
  {
    "firstName": "Timofey",
    "lastName": "Mozgov",
    "playerId": 202389,
    "teamId": 1610612739
  },
  {
    "firstName": "Emmanuel",
    "lastName": "Mudiay",
    "playerId": 1626144,
    "teamId": 1610612743
  },
  {
    "firstName": "Shabazz",
    "lastName": "Muhammad",
    "playerId": 203498,
    "teamId": 1610612750
  },
  {
    "firstName": "Mike",
    "lastName": "Muscala",
    "playerId": 203488,
    "teamId": 1610612737
  },
  {
    "firstName": "Larry",
    "lastName": "Nance Jr.",
    "playerId": 1626204,
    "teamId": 1610612747
  },
  {
    "firstName": "Shabazz",
    "lastName": "Napier",
    "playerId": 203894,
    "teamId": 1610612753
  },
  {
    "firstName": "Gary",
    "lastName": "Neal",
    "playerId": 202390,
    "teamId": 1610612764
  },
  {
    "firstName": "Jameer",
    "lastName": "Nelson",
    "playerId": 2749,
    "teamId": 1610612743
  },
  {
    "firstName": "Raul",
    "lastName": "Neto",
    "playerId": 203526,
    "teamId": 1610612762
  },
  {
    "firstName": "Andrew",
    "lastName": "Nicholson",
    "playerId": 203094,
    "teamId": 1610612753
  },
  {
    "firstName": "Joakim",
    "lastName": "Noah",
    "playerId": 201149,
    "teamId": 1610612741
  },
  {
    "firstName": "Nerlens",
    "lastName": "Noel",
    "playerId": 203457,
    "teamId": 1610612755
  },
  {
    "firstName": "Lucas",
    "lastName": "Nogueira",
    "playerId": 203512,
    "teamId": 1610612761
  },
  {
    "firstName": "Steve",
    "lastName": "Novak",
    "playerId": 200779,
    "teamId": 1610612749
  },
  {
    "firstName": "Dirk",
    "lastName": "Nowitzki",
    "playerId": 1717,
    "teamId": 1610612742
  },
  {
    "firstName": "Jusuf",
    "lastName": "Nurkic",
    "playerId": 203994,
    "teamId": 1610612743
  },
  {
    "firstName": "J.J.",
    "lastName": "O'Brien",
    "playerId": 1626266,
    "teamId": 0
  },
  {
    "firstName": "Johnny",
    "lastName": "O'Bryant",
    "playerId": 203948,
    "teamId": 1610612749
  },
  {
    "firstName": "Kyle",
    "lastName": "O'Quinn",
    "playerId": 203124,
    "teamId": 1610612752
  },
  {
    "firstName": "Jahlil",
    "lastName": "Okafor",
    "playerId": 1626143,
    "teamId": 1610612755
  },
  {
    "firstName": "Victor",
    "lastName": "Oladipo",
    "playerId": 203506,
    "teamId": 1610612753
  },
  {
    "firstName": "Kelly",
    "lastName": "Olynyk",
    "playerId": 203482,
    "teamId": 1610612738
  },
  {
    "firstName": "Kelly",
    "lastName": "Oubre",
    "playerId": 1626162,
    "teamId": 1610612764
  },
  {
    "firstName": "Zaza",
    "lastName": "Pachulia",
    "playerId": 2585,
    "teamId": 1610612742
  },
  {
    "firstName": "Kostas",
    "lastName": "Papanikolaou",
    "playerId": 203123,
    "teamId": 0
  },
  {
    "firstName": "Jabari",
    "lastName": "Parker",
    "playerId": 203953,
    "teamId": 1610612749
  },
  {
    "firstName": "Tony",
    "lastName": "Parker",
    "playerId": 2225,
    "teamId": 1610612759
  },
  {
    "firstName": "Chandler",
    "lastName": "Parsons",
    "playerId": 202718,
    "teamId": 1610612742
  },
  {
    "firstName": "Lamar",
    "lastName": "Patterson",
    "playerId": 203934,
    "teamId": 1610612737
  },
  {
    "firstName": "Patrick",
    "lastName": "Patterson",
    "playerId": 202335,
    "teamId": 1610612761
  },
  {
    "firstName": "Chris",
    "lastName": "Paul",
    "playerId": 101108,
    "teamId": 1610612746
  },
  {
    "firstName": "Adreian",
    "lastName": "Payne",
    "playerId": 203940,
    "teamId": 1610612750
  },
  {
    "firstName": "Cameron",
    "lastName": "Payne",
    "playerId": 1626166,
    "teamId": 1610612760
  },
  {
    "firstName": "Elfrid",
    "lastName": "Payton",
    "playerId": 203901,
    "teamId": 1610612753
  },
  {
    "firstName": "Nikola",
    "lastName": "Pekovic",
    "playerId": 201593,
    "teamId": 1610612750
  },
  {
    "firstName": "Jeff",
    "lastName": "Pendergraph",
    "playerId": 1626339,
    "teamId": 1610612746
  },
  {
    "firstName": "Kendrick",
    "lastName": "Perkins",
    "playerId": 2570,
    "teamId": 1610612740
  },
  {
    "firstName": "Paul",
    "lastName": "Pierce",
    "playerId": 1718,
    "teamId": 1610612746
  },
  {
    "firstName": "Tibor",
    "lastName": "Pleiss",
    "playerId": 202353,
    "teamId": 1610612762
  },
  {
    "firstName": "Mason",
    "lastName": "Plumlee",
    "playerId": 203486,
    "teamId": 1610612757
  },
  {
    "firstName": "Miles",
    "lastName": "Plumlee",
    "playerId": 203101,
    "teamId": 1610612749
  },
  {
    "firstName": "Quincy",
    "lastName": "Pondexter",
    "playerId": 202347,
    "teamId": 1610612740
  },
  {
    "firstName": "Otto",
    "lastName": "Porter",
    "playerId": 203490,
    "teamId": 1610612764
  },
  {
    "firstName": "Bobby",
    "lastName": "Portis",
    "playerId": 1626171,
    "teamId": 1610612741
  },
  {
    "firstName": "Kristaps",
    "lastName": "Porzingis",
    "playerId": 204001,
    "teamId": 1610612752
  },
  {
    "firstName": "Dwight",
    "lastName": "Powell",
    "playerId": 203939,
    "teamId": 1610612742
  },
  {
    "firstName": "Norman",
    "lastName": "Powell",
    "playerId": 1626181,
    "teamId": 1610612761
  },
  {
    "firstName": "Phil",
    "lastName": "Pressey",
    "playerId": 203515,
    "teamId": 1610612756
  },
  {
    "firstName": "Ronnie",
    "lastName": "Price",
    "playerId": 101179,
    "teamId": 1610612756
  },
  {
    "firstName": "Pablo",
    "lastName": "Prigioni",
    "playerId": 203143,
    "teamId": 1610612746
  },
  {
    "firstName": "Tayshaun",
    "lastName": "Prince",
    "playerId": 2419,
    "teamId": 1610612750
  },
  {
    "firstName": "Julius",
    "lastName": "Randle",
    "playerId": 203944,
    "teamId": 1610612747
  },
  {
    "firstName": "Zach",
    "lastName": "Randolph",
    "playerId": 2216,
    "teamId": 1610612763
  },
  {
    "firstName": "JJ",
    "lastName": "Redick",
    "playerId": 200755,
    "teamId": 1610612746
  },
  {
    "firstName": "Willie",
    "lastName": "Reed",
    "playerId": 203186,
    "teamId": 1610612751
  },
  {
    "firstName": "Josh",
    "lastName": "Richardson",
    "playerId": 1626196,
    "teamId": 1610612748
  },
  {
    "firstName": "Austin",
    "lastName": "Rivers",
    "playerId": 203085,
    "teamId": 1610612746
  },
  {
    "firstName": "Andre",
    "lastName": "Roberson",
    "playerId": 203460,
    "teamId": 1610612760
  },
  {
    "firstName": "Brian",
    "lastName": "Roberts",
    "playerId": 203148,
    "teamId": 1610612757
  },
  {
    "firstName": "Glenn",
    "lastName": "Robinson",
    "playerId": 203922,
    "teamId": 1610612754
  },
  {
    "firstName": "Nate",
    "lastName": "Robinson",
    "playerId": 101126,
    "teamId": 0
  },
  {
    "firstName": "Thomas",
    "lastName": "Robinson",
    "playerId": 203080,
    "teamId": 1610612751
  },
  {
    "firstName": "Rajon",
    "lastName": "Rondo",
    "playerId": 200765,
    "teamId": 1610612758
  },
  {
    "firstName": "Derrick",
    "lastName": "Rose",
    "playerId": 201565,
    "teamId": 1610612741
  },
  {
    "firstName": "Terrence",
    "lastName": "Ross",
    "playerId": 203082,
    "teamId": 1610612761
  },
  {
    "firstName": "Terry",
    "lastName": "Rozier",
    "playerId": 1626179,
    "teamId": 1610612738
  },
  {
    "firstName": "Ricky",
    "lastName": "Rubio",
    "playerId": 201937,
    "teamId": 1610612750
  },
  {
    "firstName": "Damjan",
    "lastName": "Rudez",
    "playerId": 204014,
    "teamId": 1610612750
  },
  {
    "firstName": "Brandon",
    "lastName": "Rush",
    "playerId": 201575,
    "teamId": 1610612744
  },
  {
    "firstName": "D'Angelo",
    "lastName": "Russell",
    "playerId": 1626156,
    "teamId": 1610612747
  },
  {
    "firstName": "Robert",
    "lastName": "Sacre",
    "playerId": 203135,
    "teamId": 1610612747
  },
  {
    "firstName": "JaKarr",
    "lastName": "Sampson",
    "playerId": 203960,
    "teamId": 1610612743
  },
  {
    "firstName": "Dennis",
    "lastName": "Schroder",
    "playerId": 203471,
    "teamId": 1610612737
  },
  {
    "firstName": "Luis",
    "lastName": "Scola",
    "playerId": 2449,
    "teamId": 1610612761
  },
  {
    "firstName": "Mike",
    "lastName": "Scott",
    "playerId": 203118,
    "teamId": 1610612737
  },
  {
    "firstName": "Thabo",
    "lastName": "Sefolosha",
    "playerId": 200757,
    "teamId": 1610612737
  },
  {
    "firstName": "Kevin",
    "lastName": "Seraphin",
    "playerId": 202338,
    "teamId": 1610612752
  },
  {
    "firstName": "Ramon",
    "lastName": "Sessions",
    "playerId": 201196,
    "teamId": 1610612764
  },
  {
    "firstName": "Iman",
    "lastName": "Shumpert",
    "playerId": 202697,
    "teamId": 1610612739
  },
  {
    "firstName": "Jonathon",
    "lastName": "Simmons",
    "playerId": 203613,
    "teamId": 1610612759
  },
  {
    "firstName": "Kyle",
    "lastName": "Singler",
    "playerId": 202713,
    "teamId": 1610612760
  },
  {
    "firstName": "Donald",
    "lastName": "Sloan",
    "playerId": 202388,
    "teamId": 1610612751
  },
  {
    "firstName": "Marcus",
    "lastName": "Smart",
    "playerId": 203935,
    "teamId": 1610612738
  },
  {
    "firstName": "Ish",
    "lastName": "Smith",
    "playerId": 202397,
    "teamId": 1610612755
  },
  {
    "firstName": "J.R.",
    "lastName": "Smith",
    "playerId": 2747,
    "teamId": 1610612739
  },
  {
    "firstName": "Jason",
    "lastName": "Smith",
    "playerId": 201160,
    "teamId": 1610612753
  },
  {
    "firstName": "Josh",
    "lastName": "Smith",
    "playerId": 2746,
    "teamId": 1610612745
  },
  {
    "firstName": "Russ",
    "lastName": "Smith",
    "playerId": 203893,
    "teamId": 0
  },
  {
    "firstName": "Tony",
    "lastName": "Snell",
    "playerId": 203503,
    "teamId": 1610612741
  },
  {
    "firstName": "Marreese",
    "lastName": "Speights",
    "playerId": 201578,
    "teamId": 1610612744
  },
  {
    "firstName": "Tiago",
    "lastName": "Splitter",
    "playerId": 201168,
    "teamId": 1610612737
  },
  {
    "firstName": "Nik",
    "lastName": "Stauskas",
    "playerId": 203917,
    "teamId": 1610612755
  },
  {
    "firstName": "Lance",
    "lastName": "Stephenson",
    "playerId": 202362,
    "teamId": 1610612763
  },
  {
    "firstName": "Alex",
    "lastName": "Stepheson",
    "playerId": 1627293,
    "teamId": 1610612746
  },
  {
    "firstName": "Jarnell",
    "lastName": "Stokes",
    "playerId": 203950,
    "teamId": 0
  },
  {
    "firstName": "Amar'e",
    "lastName": "Stoudemire",
    "playerId": 2405,
    "teamId": 1610612748
  },
  {
    "firstName": "Rodney",
    "lastName": "Stuckey",
    "playerId": 201155,
    "teamId": 1610612754
  },
  {
    "firstName": "Jared",
    "lastName": "Sullinger",
    "playerId": 203096,
    "teamId": 1610612738
  },
  {
    "firstName": "Walter",
    "lastName": "Tavares",
    "playerId": 204002,
    "teamId": 1610612737
  },
  {
    "firstName": "Jeff",
    "lastName": "Teague",
    "playerId": 201952,
    "teamId": 1610612737
  },
  {
    "firstName": "Mirza",
    "lastName": "Teletovic",
    "playerId": 203141,
    "teamId": 1610612756
  },
  {
    "firstName": "Garrett",
    "lastName": "Temple",
    "playerId": 202066,
    "teamId": 1610612764
  },
  {
    "firstName": "Jason",
    "lastName": "Terry",
    "playerId": 1891,
    "teamId": 1610612745
  },
  {
    "firstName": "Isaiah",
    "lastName": "Thomas",
    "playerId": 202738,
    "teamId": 1610612738
  },
  {
    "firstName": "Lance",
    "lastName": "Thomas",
    "playerId": 202498,
    "teamId": 1610612752
  },
  {
    "firstName": "Hollis",
    "lastName": "Thompson",
    "playerId": 203138,
    "teamId": 1610612755
  },
  {
    "firstName": "Jason",
    "lastName": "Thompson",
    "playerId": 201574,
    "teamId": 1610612744
  },
  {
    "firstName": "Klay",
    "lastName": "Thompson",
    "playerId": 202691,
    "teamId": 1610612744
  },
  {
    "firstName": "Tristan",
    "lastName": "Thompson",
    "playerId": 202684,
    "teamId": 1610612739
  },
  {
    "firstName": "Marcus",
    "lastName": "Thornton",
    "playerId": 201977,
    "teamId": 1610612745
  },
  {
    "firstName": "Anthony",
    "lastName": "Tolliver",
    "playerId": 201229,
    "teamId": 1610612765
  },
  {
    "firstName": "Karl-Anthony",
    "lastName": "Towns",
    "playerId": 1626157,
    "teamId": 1610612750
  },
  {
    "firstName": "PJ",
    "lastName": "Tucker",
    "playerId": 200782,
    "teamId": 1610612756
  },
  {
    "firstName": "Evan",
    "lastName": "Turner",
    "playerId": 202323,
    "teamId": 1610612738
  },
  {
    "firstName": "Myles",
    "lastName": "Turner",
    "playerId": 1626167,
    "teamId": 1610612754
  },
  {
    "firstName": "Beno",
    "lastName": "Udrih",
    "playerId": 2757,
    "teamId": 1610612748
  },
  {
    "firstName": "Jonas",
    "lastName": "Valanciunas",
    "playerId": 202685,
    "teamId": 1610612761
  },
  {
    "firstName": "Anderson",
    "lastName": "Varejao",
    "playerId": 2760,
    "teamId": 1610612744
  },
  {
    "firstName": "Greivis",
    "lastName": "Vasquez",
    "playerId": 202349,
    "teamId": 1610612749
  },
  {
    "firstName": "Rashad",
    "lastName": "Vaughn",
    "playerId": 1626173,
    "teamId": 1610612749
  },
  {
    "firstName": "Charlie",
    "lastName": "Villanueva",
    "playerId": 101111,
    "teamId": 1610612742
  },
  {
    "firstName": "Noah",
    "lastName": "Vonleh",
    "playerId": 203943,
    "teamId": 1610612757
  },
  {
    "firstName": "Nikola",
    "lastName": "Vucevic",
    "playerId": 202696,
    "teamId": 1610612753
  },
  {
    "firstName": "Sasha",
    "lastName": "Vujacic",
    "playerId": 2756,
    "teamId": 1610612752
  },
  {
    "firstName": "Dwyane",
    "lastName": "Wade",
    "playerId": 2548,
    "teamId": 1610612748
  },
  {
    "firstName": "Dion",
    "lastName": "Waiters",
    "playerId": 203079,
    "teamId": 1610612760
  },
  {
    "firstName": "Kemba",
    "lastName": "Walker",
    "playerId": 202689,
    "teamId": 1610612766
  },
  {
    "firstName": "John",
    "lastName": "Wall",
    "playerId": 202322,
    "teamId": 1610612764
  },
  {
    "firstName": "TJ",
    "lastName": "Warren",
    "playerId": 203933,
    "teamId": 1610612756
  },
  {
    "firstName": "CJ",
    "lastName": "Watson",
    "playerId": 201228,
    "teamId": 1610612753
  },
  {
    "firstName": "Sonny",
    "lastName": "Weems",
    "playerId": 201603,
    "teamId": 1610612756
  },
  {
    "firstName": "David",
    "lastName": "West",
    "playerId": 2561,
    "teamId": 1610612759
  },
  {
    "firstName": "Russell",
    "lastName": "Westbrook",
    "playerId": 201566,
    "teamId": 1610612760
  },
  {
    "firstName": "Hassan",
    "lastName": "Whiteside",
    "playerId": 202355,
    "teamId": 1610612748
  },
  {
    "firstName": "Shayne",
    "lastName": "Whittington",
    "playerId": 203963,
    "teamId": 1610612754
  },
  {
    "firstName": "Andrew",
    "lastName": "Wiggins",
    "playerId": 203952,
    "teamId": 1610612750
  },
  {
    "firstName": "CJ",
    "lastName": "Wilcox",
    "playerId": 203912,
    "teamId": 1610612746
  },
  {
    "firstName": "Deron",
    "lastName": "Williams",
    "playerId": 101114,
    "teamId": 1610612742
  },
  {
    "firstName": "Derrick",
    "lastName": "Williams",
    "playerId": 202682,
    "teamId": 1610612752
  },
  {
    "firstName": "Elliot",
    "lastName": "Williams",
    "playerId": 202343,
    "teamId": 0
  },
  {
    "firstName": "Lou",
    "lastName": "Williams",
    "playerId": 101150,
    "teamId": 1610612747
  },
  {
    "firstName": "Marvin",
    "lastName": "Williams",
    "playerId": 101107,
    "teamId": 1610612766
  },
  {
    "firstName": "Mo",
    "lastName": "Williams",
    "playerId": 2590,
    "teamId": 1610612739
  },
  {
    "firstName": "Justise",
    "lastName": "Winslow",
    "playerId": 1626159,
    "teamId": 1610612748
  },
  {
    "firstName": "Jeff",
    "lastName": "Withey",
    "playerId": 203481,
    "teamId": 1610612762
  },
  {
    "firstName": "Christian",
    "lastName": "Wood",
    "playerId": 1626174,
    "teamId": 0
  },
  {
    "firstName": "Metta",
    "lastName": "World Peace",
    "playerId": 1897,
    "teamId": 1610612747
  },
  {
    "firstName": "Brandan",
    "lastName": "Wright",
    "playerId": 201148,
    "teamId": 1610612763
  },
  {
    "firstName": "Delon",
    "lastName": "Wright",
    "playerId": 1626153,
    "teamId": 1610612761
  },
  {
    "firstName": "Tony",
    "lastName": "Wroten",
    "playerId": 203100,
    "teamId": 0
  },
  {
    "firstName": "James",
    "lastName": "Young",
    "playerId": 203923,
    "teamId": 1610612738
  },
  {
    "firstName": "Joe",
    "lastName": "Young",
    "playerId": 1626202,
    "teamId": 1610612754
  },
  {
    "firstName": "Nick",
    "lastName": "Young",
    "playerId": 201156,
    "teamId": 1610612747
  },
  {
    "firstName": "Thaddeus",
    "lastName": "Young",
    "playerId": 201152,
    "teamId": 1610612751
  },
  {
    "firstName": "Cody",
    "lastName": "Zeller",
    "playerId": 203469,
    "teamId": 1610612766
  },
  {
    "firstName": "Tyler",
    "lastName": "Zeller",
    "playerId": 203092,
    "teamId": 1610612738
  }
]